filename,width,height,class,xmin,ymin,xmax,ymax
images (1).jpeg,275,183,face,33,1,217,183
images (52).jpeg,227,222,face,64,40,131,145
images (44).jpeg,225,225,face,33,49,130,154
images (13).jpeg,197,256,face,38,32,166,219
images (68).jpeg,300,168,face,155,26,202,80
woman-1571719.jpg,170,240,face,32,50,116,159
images (29).jpeg,302,167,face,122,24,184,110
face-of-a-warrior-1251207.jpg,319,240,face,92,55,179,195
images (48).jpeg,192,262,face,53,43,137,160
images (64).jpeg,299,168,face,113,4,260,162
images (33).jpeg,300,168,face,54,27,146,125
images (25).jpeg,269,187,face,97,54,188,173
images (72).jpeg,300,168,face,36,33,90,95
images (72).jpeg,300,168,face,224,33,271,95
images (73).jpeg,327,154,face,79,53,129,117
images (73).jpeg,327,154,face,224,26,271,102
face-extreme-1554895.jpg,319,240,face,101,50,221,223
images (24).jpeg,225,225,face,72,59,156,153
images (32).jpeg,259,194,face,92,25,154,107
images (65).jpeg,225,225,face,31,2,147,118
indian-woman-1434706.jpg,360,240,face,160,5,304,210
download.jpg,183,275,face,19,36,157,218
old-man-1561812.jpg,360,240,face,62,1,233,207
images (49).jpeg,193,262,face,58,36,143,157
images (28).jpeg,225,225,face,56,22,167,208
face-dumbfounded-1438542.jpg,319,240,face,89,63,226,240
images (69).jpeg,225,225,face,66,36,137,128
images (12).jpeg,183,275,face,15,40,166,236
shock-and-awe-1435049.jpg,216,239,face,61,12,174,216
images (53).jpeg,204,247,face,45,44,145,186
images-7.jpg,194,259,face,40,51,157,207
images (58).jpeg,300,168,face,172,55,255,128
images (19).jpeg,225,225,face,79,27,150,130
ottoman-culture-1569221.jpg,319,240,face,157,72,227,152
images (62).jpeg,273,185,face,110,42,192,155
images (35).jpeg,216,233,face,60,39,148,153
images-6.jpg,273,185,face,81,26,185,162
images (23).jpeg,266,190,face,98,33,153,98
images (74).jpeg,237,213,face,21,28,43,60
images (74).jpeg,237,213,face,106,41,126,73
images (74).jpeg,237,213,face,170,39,200,72
face-of-an-old-man-1431724.jpg,180,240,face,43,42,124,152
old-lady-1258571.jpg,361,240,face,127,21,248,173
images (7).jpeg,259,194,face,120,24,202,135
images (54).jpeg,202,249,face,76,18,146,125
images-4.jpg,225,225,face,48,42,177,204
images (42).jpeg,193,261,face,24,41,126,144
old-woman-2-1431641.jpg,159,239,face,18,39,130,196
man-in-park-1461325.jpg,180,240,face,76,37,124,110
images (15).jpeg,225,225,face,49,33,153,170
images (39).jpeg,259,194,face,39,2,217,194
old-age-1439713.jpg,319,240,face,108,59,206,175
images-5.jpg,269,187,face,69,1,201,183
rip-wan-winkle-1431694.jpg,360,239,face,100,53,252,171
images-1.jpg,183,275,face,24,44,162,211
images (38).jpeg,204,248,face,36,57,161,209
lib-1-1540480.jpg,319,240,face,116,41,198,159
images (14).jpeg,284,177,face,86,44,182,170
images1.jpeg,183,275,face,19,51,166,247
quizzical-old-man-1525961.jpg,382,240,face,202,34,301,171
images (43).jpeg,186,271,face,60,80,142,174
images (6).jpeg,284,177,face,82,13,195,167
images (55).jpeg,241,209,face,72,35,157,153
images (75).jpeg,264,191,face,54,11,96,58
old-man-1-1236821.jpg,180,240,face,34,36,92,96
images (22).jpeg,290,174,face,110,24,188,129
images-2.jpg,183,275,face,21,47,167,254
images (34).jpeg,292,172,face,80,32,181,162
images (63).jpeg,300,168,face,153,13,242,133
images (18).jpeg,301,167,face,161,17,241,148
mother-woman-1435899.jpg,153,239,face,32,73,118,185
images (59).jpeg,318,159,face,147,5,261,125
images-3.jpg,239,211,face,81,30,151,130
images (76).jpeg,290,174,face,73,17,113,75
images (76).jpeg,290,174,face,183,16,244,96
images (21).jpeg,222,228,face,61,72,165,219
rati-1436061.jpg,319,240,face,108,34,229,180
images (37).jpeg,284,177,face,22,37,114,156
images (37).jpeg,284,177,face,171,37,264,156
images (60).jpeg,259,194,face,90,24,186,154
man-with-blue-eyes-1440011.jpg,265,239,face,71,62,192,228
download (9).jpeg,225,224,face,60,37,186,208
images (9).jpeg,185,272,face,44,44,133,175
old-lady-face-1435811.jpg,324,240,face,18,3,276,239
images (17).jpeg,183,275,face,43,56,144,206
grandpa-1432491.jpg,179,239,face,34,8,170,202
images (40).jpeg,183,275,face,7,5,151,204
smile-face-1438458.jpg,358,239,face,79,39,180,166
images (56).jpeg,259,194,face,108,43,181,156
images (5).jpeg,208,242,face,43,60,174,242
images (57).jpeg,194,259,face,76,17,132,93
images (4).jpeg,195,258,face,23,38,172,255
images-8.jpg,225,225,face,48,33,156,166
images (41).jpeg,284,177,face,44,1,235,177
young-woman-1515231.jpg,180,240,face,35,37,126,154
images (16).jpeg,212,238,face,38,32,171,210
download copy.jpg,213,237,face,37,35,180,224
download (8).jpeg,201,251,face,66,9,169,173
images (8).jpeg,194,259,face,57,26,142,155
grandma-1434558.jpg,180,240,face,42,30,123,135
maria-1-1499840.jpg,328,239,face,113,48,196,150
images (61).jpeg,183,275,face,41,60,152,209
images (36).jpeg,191,264,face,30,25,161,229
images (20).jpeg,201,251,face,41,31,161,199
old-man-2-1236815.jpg,180,240,face,9,28,135,155
kid-d-1393259.jpg,360,240,face,129,61,228,182
download-3.jpg,225,224,face,69,44,163,171
download-2.jpg,225,225,face,46,29,186,209
images (11).jpeg,318,159,face,98,1,221,143
images (46).jpeg,193,261,face,49,42,131,152
images (50).jpeg,212,238,face,44,31,136,167
images (3).jpeg,225,225,face,61,66,168,208
emotions-1-1434340.jpg,180,240,face,30,48,158,213
images (70).jpeg,225,225,face,71,6,157,105
images (27).jpeg,259,194,face,90,38,170,150
images (31).jpeg,194,259,face,47,28,156,194
face-mad-1511390.jpg,429,240,face,91,2,344,237
images (66).jpeg,225,225,face,77,29,170,128
download-1.jpg,201,251,face,40,46,160,217
face-scared-1511398.jpg,429,240,face,91,1,326,240
smile-1433609.jpg,319,240,face,109,42,218,212
solo-yo-5-1528911.jpg,360,240,face,86,16,193,133
solo-yo-5-1528911.jpg,360,240,face,6,187,79,237
images (67).jpeg,225,225,face,63,39,174,173
female-portrait-1438099.jpg,175,239,face,56,65,135,169
images (30).jpeg,299,168,face,124,33,194,112
varanasi-india-1058804.jpg,276,239,face,65,84,140,153
images (26).jpeg,275,183,face,108,25,178,142
images (71).jpeg,221,228,face,61,45,165,184
images (51).jpeg,205,246,face,45,65,151,180
worker-1545014.jpg,180,240,face,24,81,129,216
images (2).jpeg,234,215,face,16,1,213,203
images.jpeg,225,225,face,65,26,172,173
philip-1-1440688.jpg,359,239,face,62,26,214,195
images (47).jpeg,175,288,face,17,43,96,146
images (10).jpeg,224,225,face,53,20,170,180
old-man-1436015.jpg,244,239,face,35,3,199,239
my-nephew-1433496.jpg,180,240,face,44,63,124,162
old-woman-1433103.jpg,190,240,face,38,47,163,219
